spanish	reason
a	letter name
acepto	conjugated form of aceptar
acá	LatAm; es-ES: aquí
adn	abbreviation
ah	interjection, onomatopoeia
aimara	ethnonym / language name
ají	LatAm; es-ES: guindilla
ana	proper name or fragment
apurar	LatAm; es-ES: darse prisa
auto	LatAm; es-ES: coche
b	letter name
bah	interjection, onomatopoeic
bajito	diminutive of bajo
boliche	LatAm; es-ES: different meaning
boludo	Argentine vulgar slang
c	letter name
ca	fragment
carrito	diminutive of carro
carro	LatAm; es-ES: coche
casita	diminutive of casa
castro	proper name or surname
cd	abbreviation
celular	LatAm; es-ES: móvil
chamaco	LatAm; es-ES: chaval
chau	LatAm; es-ES: adiós
che	Argentine interjection, not es-ES
chicha	LatAm drink; es-ES: different slang meaning
chile	LatAm; es-ES: guindilla
chiquito	diminutive of chico
choclo	LatAm; es-ES: mazorca
chompa	LatAm; es-ES: jersey
ché	Argentine interjection
ciento	numeral
coca	ambiguous; slang for cocaine in Spain
colorar	non-standard; lemma colorear
computador	LatAm; es-ES: ordenador
contra	proper-noun/function-word tagging
corrido	Mexican music genre
cuadra	LatAm; es-ES: manzana
cuanto	function word / relative adverb
cuelga	non-lemma, form of colgar
cv	abbreviation
d	letter name
de	function word (preposition)
departamento	LatAm; es-ES: piso
don	honorific title, not a content word
echamos de menos	inflected; lemma: echar de menos
edad media	historical period name
eh	onomatopoeia/interjection
embargo	fragment of "sin embargo"
enojar	LatAm (enojarse); es-ES: enfadar
erar	fragment / non-lemma
eslógan	variant spelling of eslogan
espejuelo	Cuban; es-ES: gafas
este	ambiguous with demonstrative determiner
f	letter name
fríjol	LatAm; es-ES: judía / alubia
gringo	LatAm slang for foreigner
grita	conjugated form of gritar
guagua	LatAm/Canary; es-ES: autobús
guaraní	ethnic group/currency name
güero	Mexican; es-ES: rubio
h	letter name
haber	auxiliary verb, function word
hacendar	rare/tagging error
i	letter name
j	letter name
jugo	LatAm; es-ES: zumo
k	letter name
l	letter name
leo	proper name / zodiac sign
lindo	LatAm; es-ES: bonito / guapo
lisa	non-lemma; lemma liso
llena	inflected form of lleno
manejar	LatAm; es-ES: conducir
maría	proper name
mate	LatAm drink; es-ES: chess mate
menudo	fragment of 'a menudo'
mesita	diminutive of mesa
mexica	ethnic group name
miar	fragment / nonstandard form
mira	imperative fragment, not a lemma
moje	likely tagging error; regional sauce
moro	can read as offensive
n	letter name
ni	function word
no	function word (negation)
nomás	LatAm; es-ES: solo / nada más
oir	pre-reform spelling of oír
ong	abbreviation
orisha	religious term; proper-name-like
p	letter / abbreviation
paco	LatAm slang; es-ES: poli
pampa	specific South American region
panamericana	proper name
papa	LatAm; es-ES: patata
papi	LatAm diminutive; es-ES: papá
patrimonio de la humanidad	title of a specific designation
perrito	diminutive of perro
período	variant spelling of periodo
pib	abbreviation
pisco	Peruvian/Chilean brand-like spirit
pizarro	surname / proper name
plaza de armas	place name
pobrecito	diminutive of pobre
policía nacional	institution name
poquito	diminutive of poco
porteño	demonym of a specific city
pueblecito	diminutive of pueblo
quechua	language/ethnonym; proper-name-like
recomer	rare non-standard verb
riquísimo	superlative form of rico
rota	inflected form of roto
s.a.	abbreviation
saco	LatAm (jacket); es-ES: chaqueta / bolsa
san	saint title, not a word
santero	LatAm religious practitioner
santería	LatAm religion; specific name
señorito	diminutive of señor
sms	abbreviation
son	Cuban music genre; clashes with verb form
sor	title before a name
soroche	Andean regional term
sorojchi	Andean regional term
sudaca	derogatory slur
sólo	variant spelling of solo
tamal	Mexican/LatAm dish
tico	LatAm colloquial demonym
tv	abbreviation
uau	onomatopoeia
va	conjugated form of ir
vas	non-lemma, verb form of ir
ve	letter name (v)
vedado	Havana neighborhood name
vengar	tagging error (from venga/vengo)
vera	proper name / edge, fragment
vespa	brand name
vistilla	fragment; place name (Las Vistillas)
yanqui	pejorative
yerba	LatAm; es-ES: hierba
ómnibus	LatAm/archaic; es-ES: autobús
